{
  "name": "dustjs-linkedin",
  "title": "Dust - Asynchronous Templating",
  "version": "2.6.1",
  "author": {
    "name": "Aleksander Williams",
    "url": "http://akdubya.github.com/dustjs"
  },
  "homepage": "http://linkedin.github.io/dustjs/",
  "description": "Asynchronous templates for the browser and node.js ( LinkedIn fork )",
  "contributors": [
    "Veena Basavaraj <vybs@users.noreply.github.com>",
    "Tom Carchrae",
    "Jimmy Chan <jchan@linkedin.com>",
    "Steven Foote <sfoote@linkedin.com>",
    "Prayrit Prash Jain <prjain@linkedin.com>",
    "Seth Kinast <skinast@linkedin.com>",
    "Jairo de Morais <jairodemorais@users.noreply.github.com>",
    "Kate Odnous <kodnous@linkedin.com>",
    "Richard Ragan <rragan@ebay.com>"
  ],
  "scripts": {
    "test": "grunt test"
  },
  "bin": {
    "dustc": "./bin/dustc"
  },
  "main": "lib/server.js",
  "browser": "./lib/dust.js",
  "repository": {
    "type": "git",
    "url": "https://github.com/linkedin/dustjs.git"
  },
  "keywords": [
    "templates",
    "views",
    "dust",
    "dustjs",
    "dust.js",
    "linkedin"
  ],
  "dependencies": {
    "cli": "~0.6.5"
  },
  "devDependencies": {
    "grunt": "~0.4.2",
    "grunt-bump": "0.0.11",
    "grunt-contrib-clean": "~0.5.0",
    "grunt-contrib-concat": "~0.3.0",
    "grunt-contrib-connect": "~0.5.0",
    "grunt-contrib-copy": "~0.4.1",
    "grunt-contrib-jasmine": "~0.5.2",
    "grunt-contrib-jshint": "~0.7.2",
    "grunt-contrib-uglify": "~0.2.7",
    "grunt-contrib-watch": "~0.5.3",
    "grunt-gh-pages": "~0.9.0",
    "grunt-jasmine-node": "~0.2.1",
    "grunt-shell": "~0.6.1",
    "grunt-template-jasmine-istanbul": "~0.2.5",
    "pegjs": "0.8.0"
  },
  "license": "MIT",
  "engine": {
    "node": ">=0.8"
  }
}
